id,first_name,last_name,email,gender,ip_address
1,Fee,Acland,facland0@goodreads.com,Male,184.164.127.13
2,Granny,Costello,gcostello1@unicef.org,Male,220.145.170.184
3,Teri,Skae,tskae2@domainmarket.com,Female,181.217.46.130
4,Linell,Officer,lofficer3@usa.gov,Female,108.234.61.11
5,Shay,Lavalde,slavalde4@phoca.cz,Male,73.253.40.78
6,Germain,Gilliard,ggilliard5@china.com.cn,Female,39.103.75.189
7,Nancie,Tosney,ntosney6@smh.com.au,Female,104.195.29.92
8,Orton,Rustman,orustman7@vimeo.com,Male,28.229.222.82
9,Godwin,Diggle,gdiggle8@msn.com,Male,146.52.27.116
10,Gardy,Cobbled,gcobbled9@eventbrite.com,Male,80.30.229.162
11,Whitby,Kneller,wknellera@arstechnica.com,Male,45.36.191.231
12,Edyth,Constantinou,econstantinoub@state.gov,Female,160.226.79.31
13,Mile,Common,mcommonc@geocities.jp,Male,38.177.130.221
14,Magda,Ritchings,mritchingsd@shop-pro.jp,Female,33.99.204.114
15,Lodovico,Grebbin,lgrebbine@google.ca,Male,173.216.8.172
16,Camile,Baumert,cbaumertf@surveymonkey.com,Female,7.93.203.199
17,Rycca,Charlwood,rcharlwoodg@google.es,Female,43.218.109.137
18,Gothart,Rubee,grubeeh@google.pl,Male,86.136.203.8
19,Michel,Riep,mriepi@seesaa.net,Female,180.206.107.213
20,Rollins,Gedge,rgedgej@goodreads.com,Male,196.39.14.53
21,Goober,Newitt,gnewittk@newsvine.com,Male,104.89.251.77
22,Egor,Ough,eoughl@icio.us,Male,88.115.18.43
23,Nat,Paddingdon,npaddingdonm@dmoz.org,Female,82.223.221.55
24,Christoper,Stokoe,cstokoen@issuu.com,Male,96.212.15.247
25,Garold,Kenefick,gkeneficko@ucoz.com,Male,85.31.97.24
26,Alexandros,Cogin,acoginp@washingtonpost.com,Male,33.48.18.185
27,Aidan,Bearns,abearnsq@csmonitor.com,Female,79.83.93.122
28,Edeline,"Messier,",emessierr@yolasite.com,Female,251.180.52.174
29,Daffie,Claw,dclaws@moonfruit.com,Female,28.132.69.72
30,Kassi,Newlove,knewlovet@nationalgeographic.com,Female,40.196.193.39
31,Chris,Jacomb,cjacombu@theguardian.com,Male,58.26.218.162
32,Boonie,Leverette,bleverettev@google.de,Male,91.180.114.34
33,Myca,Fentem,mfentemw@unesco.org,Male,107.118.19.21
34,Artemas,Kellie,akelliex@ocn.ne.jp,Male,73.6.27.255
35,Papagena,Seniour,psenioury@123-reg.co.uk,Female,52.193.16.36
36,Truman,Dabney,tdabneyz@usgs.gov,Male,249.218.66.202
37,Lilian,Pascow,lpascow10@shareasale.com,Female,158.58.147.22
38,Charlene,Vigers,cvigers11@cdc.gov,Female,104.131.183.115
39,Kathi,Branscombe,kbranscombe12@seesaa.net,Female,149.90.87.235
40,Evelin,Breese,ebreese13@vistaprint.com,Male,81.25.46.255
41,Sauveur,Roof,sroof14@cpanel.net,Male,25.52.105.181
42,Pier,Leyband,pleyband15@elegantthemes.com,Female,12.106.145.191
43,Vin,Billany,vbillany16@sogou.com,Male,132.7.242.218
44,Chrysa,Morlon,cmorlon17@blogger.com,Female,218.126.89.175
45,Laurette,Scuse,lscuse18@altervista.org,Female,50.212.67.224
46,Harriott,Furmage,hfurmage19@google.com.au,Female,254.238.23.239
47,Adelind,Mears,amears1a@miibeian.gov.cn,Female,68.68.160.28
48,Danell,Hambatch,dhambatch1b@is.gd,Female,245.111.220.218
49,Salvidor,Kiendl,skiendl1c@liveinternet.ru,Male,253.38.141.193
50,Bernadene,Doey,bdoey1d@blogger.com,Female,212.104.124.82
51,Torre,Wooland,twooland1e@blinklist.com,Male,197.8.140.249
52,Dan,Wessel,dwessel1f@webeden.co.uk,Male,148.215.200.20
53,Kellie,Goulder,kgoulder1g@infoseek.co.jp,Female,201.56.54.201
54,Thomasa,Domotor,tdomotor1h@plala.or.jp,Female,29.172.121.19
55,Gerrilee,Matignon,gmatignon1i@cnet.com,Female,225.7.22.243
56,Gerek,De La Coste,gdelacoste1j@feedburner.com,Male,95.212.212.149
57,Dante,Boulden,dboulden1k@smh.com.au,Male,169.114.60.135
58,Shea,Allman,sallman1l@amazon.co.uk,Male,30.11.181.111
59,Ewen,Mangeon,emangeon1m@cocolog-nifty.com,Male,140.208.51.228
60,Derrek,Goretti,dgoretti1n@chron.com,Male,250.114.84.194
61,Candice,Muschette,cmuschette1o@shop-pro.jp,Female,159.121.27.154
62,Astrix,Bines,abines1p@senate.gov,Female,128.51.242.40
63,Kimble,McCrossan,kmccrossan1q@bloglines.com,Male,242.100.224.161
64,Modesty,Clemett,mclemett1r@independent.co.uk,Female,221.145.62.149
65,Maia,Goodred,mgoodred1s@jiathis.com,Female,153.10.204.160
66,Kinsley,Lintot,klintot1t@adobe.com,Male,49.78.215.157
67,Victoria,Morrilly,vmorrilly1u@livejournal.com,Female,229.171.251.86
68,Waylin,Tavernor,wtavernor1v@cnbc.com,Male,83.102.141.82
69,Edgard,Butter,ebutter1w@abc.net.au,Male,191.246.185.109
70,Coop,Warham,cwarham1x@comsenz.com,Male,104.76.143.118
71,Steven,Sprankling,ssprankling1y@ucoz.ru,Male,80.115.100.45
72,Thadeus,Fyfe,tfyfe1z@nationalgeographic.com,Male,223.66.74.85
73,Griselda,Rudloff,grudloff20@seattletimes.com,Female,110.231.109.208
74,Dana,Paula,dpaula21@privacy.gov.au,Male,79.170.246.232
75,Darrick,Berick,dberick22@yale.edu,Male,37.210.71.83
76,Nerta,Brayshay,nbrayshay23@wiley.com,Female,117.203.201.73
77,Turner,Rohmer,trohmer24@nifty.com,Male,147.176.31.13
78,Arlina,Rattray,arattray25@mapquest.com,Female,186.228.133.64
79,Mace,Keohane,mkeohane26@vimeo.com,Male,40.253.152.168
80,Holmes,Tickner,htickner27@microsoft.com,Male,171.61.135.83
81,Sunny,Sheppard,ssheppard28@clickbank.net,Male,20.111.163.12
82,Jodi,MacPeice,jmacpeice29@typepad.com,Male,27.69.131.13
83,Almire,Meldon,ameldon2a@artisteer.com,Female,150.239.211.104
84,Haven,Filchagin,hfilchagin2b@icio.us,Male,222.244.116.211
85,Grayce,Fidgeon,gfidgeon2c@archive.org,Female,233.146.195.39
86,Tobe,Savil,tsavil2d@hibu.com,Male,229.59.117.2
87,Fidelio,O'Connolly,foconnolly2e@marketwatch.com,Male,42.77.170.240
88,Estevan,Shinn,eshinn2f@gmpg.org,Male,48.134.62.113
89,Neale,Gayter,ngayter2g@1und1.de,Male,70.68.130.97
90,Klemens,Stovold,kstovold2h@dion.ne.jp,Male,209.201.215.19
91,Wynn,Sommerly,wsommerly2i@wordpress.com,Male,58.42.183.224
92,Marin,Marling,mmarling2j@deviantart.com,Female,18.98.187.7
93,Chelsea,Oaker,coaker2k@4shared.com,Female,157.39.16.39
94,Annissa,Nickless,anickless2l@mozilla.com,Female,126.250.51.222
95,Hugues,Dreigher,hdreigher2m@about.me,Male,14.214.107.148
96,Errick,Lortz,elortz2n@comsenz.com,Male,246.2.62.34
97,Allix,Arends,aarends2o@usatoday.com,Female,198.255.218.155
98,Aubrey,Lennard,alennard2p@google.cn,Female,75.36.33.175
99,Anabelle,Deverell,adeverell2q@photobucket.com,Female,201.195.163.123
100,Halsy,Manning,hmanning2r@hugedomains.com,Male,171.102.6.122
101,Myrna,Causey,mcausey2s@umn.edu,Female,112.123.62.29
102,Isaak,Matijasevic,imatijasevic2t@irs.gov,Male,0.129.128.5
103,Maisie,O'Grady,mogrady2u@wunderground.com,Female,102.198.89.41
104,Josee,Monnoyer,jmonnoyer2v@baidu.com,Female,202.147.255.55
105,Eadmund,Rubury,erubury2w@paypal.com,Male,72.113.191.215
106,Pall,Jakoub,pjakoub2x@blogtalkradio.com,Male,16.205.78.190
107,Auria,Stenyng,astenyng2y@techcrunch.com,Female,212.229.234.84
108,Myranda,Diment,mdiment2z@github.com,Female,96.168.37.253
109,Jason,Innett,jinnett30@bigcartel.com,Male,173.15.40.221
